file_name,n_samples,total_successes,success_rate,first_success_k,best_cell_accuracy,mean_cell_accuracy
00576224,8.0,8.0,1.0,1.0,100.0,100.0
0607ce86,8.0,0.0,0.0,,99.81060606060606,91.09848484848484
55059096,8.0,0.0,0.0,,96.38009049773756,96.38009049773756
358ba94e,8.0,0.0,0.0,,92.0,70.5
e7639916,8.0,0.0,0.0,,82.96703296703298,66.77197802197803
762cd429,8.0,0.0,0.0,,46.875,37.403492647058826
